character,start,end,start_seconds,end_seconds
ي,0,399,0.000,0.025
ي,200,599,0.013,0.037
ي,400,799,0.025,0.050
ط,1000,1399,0.062,0.087
ط,1400,1799,0.087,0.112
ط,1600,1999,0.100,0.125
ط,1800,2199,0.113,0.137
ظ,2000,2399,0.125,0.150
ظ,2200,2599,0.138,0.162
ش,2400,2799,0.150,0.175
ظ,2600,2999,0.163,0.187
ظ,2800,3199,0.175,0.200
ظ,3200,3599,0.200,0.225
ظ,3400,3799,0.212,0.237
ظ,3600,3999,0.225,0.250
ط,3800,4199,0.237,0.262
ط,4000,4399,0.250,0.275
ط,4200,4599,0.263,0.287
ط,4400,4799,0.275,0.300
ط,4600,4999,0.287,0.312
ش,4800,5199,0.300,0.325
ظ,5000,5399,0.312,0.337
ط,5600,5999,0.350,0.375
ط,5800,6199,0.362,0.387
ظ,6000,6399,0.375,0.400
ط,6200,6599,0.388,0.412
ش,6400,6799,0.400,0.425
ط,6600,6999,0.412,0.437
ط,7000,7399,0.438,0.462
ش,7800,8199,0.487,0.512
ا,8400,8799,0.525,0.550
ا,8600,8999,0.537,0.562
_,8800,9199,0.550,0.575
_,9000,9399,0.562,0.587
_,9200,9599,0.575,0.600
_,9400,9799,0.588,0.612
م,12200,12599,0.762,0.787
س,12400,12799,0.775,0.800
س,12600,12999,0.787,0.812
_,12800,13199,0.800,0.825
_,13000,13399,0.812,0.837
ا,13200,13599,0.825,0.850
ا,13400,13799,0.838,0.862
_,13600,13999,0.850,0.875
_,13800,14199,0.863,0.887
ا,14000,14399,0.875,0.900
ا,14200,14599,0.887,0.912
_,14400,14799,0.900,0.925
_,14600,14999,0.912,0.937
_,14800,15199,0.925,0.950
ا,15000,15399,0.938,0.962
ا,15200,15599,0.950,0.975
ا,15400,15799,0.963,0.987
ا,15600,15999,0.975,1.000
_,15800,16199,0.988,1.012
_,16000,16399,1.000,1.025
ا,16200,16599,1.012,1.037
ا,16400,16799,1.025,1.050
ا,16600,16999,1.038,1.062
_,16800,17199,1.050,1.075
_,17000,17399,1.062,1.087
_,17200,17599,1.075,1.100
ا,17400,17799,1.087,1.112
ا,17600,17999,1.100,1.125
ا,17800,18199,1.113,1.137
_,18000,18399,1.125,1.150
_,18200,18599,1.137,1.162
_,18400,18799,1.150,1.175
ب,18600,18999,1.163,1.187
ه,18800,19199,1.175,1.200
ه,19000,19399,1.188,1.212
ق,19200,19599,1.200,1.225
ث,19400,19799,1.212,1.237
ث,19600,19999,1.225,1.250
ذ,19800,20199,1.238,1.262
ك,20000,20399,1.250,1.275
ج,20200,20599,1.262,1.287
ث,20400,20799,1.275,1.300
ق,20600,20999,1.288,1.312
ذ,21200,21599,1.325,1.350
ك,21400,21799,1.337,1.362
ج,21600,21999,1.350,1.375
ج,21800,22199,1.363,1.387
ث,22000,22399,1.375,1.400
ق,22200,22599,1.387,1.412
ذ,22600,22999,1.413,1.437
ك,22800,23199,1.425,1.450
ك,23000,23399,1.438,1.462
ج,23200,23599,1.450,1.475
ن,23400,23799,1.462,1.487
ل,23600,23999,1.475,1.500
ت,23800,24199,1.488,1.512
ت,24000,24399,1.500,1.525
د,24200,24599,1.512,1.537
ع,24400,24799,1.525,1.550
م,24600,24999,1.538,1.562
ب,25200,25599,1.575,1.600
ا,25400,25799,1.587,1.612
ا,25600,25999,1.600,1.625
ا,25800,26199,1.613,1.637
_,26000,26399,1.625,1.650
_,26200,26599,1.637,1.662
ا,26400,26799,1.650,1.675
ا,26600,26999,1.663,1.687
ر,26800,27199,1.675,1.700
ا,27000,27399,1.688,1.712
ا,27200,27599,1.700,1.725
ب,27800,28199,1.738,1.762
ا,28000,28399,1.750,1.775
_,28200,28599,1.762,1.787
_,28400,28799,1.775,1.800
_,28600,28999,1.788,1.812
ا,28800,29199,1.800,1.825
ا,29000,29399,1.812,1.837
ر,29200,29599,1.825,1.850
_,29400,29799,1.837,1.862
_,29600,29999,1.850,1.875
ب,29800,30199,1.863,1.887
ا,30600,30999,1.913,1.937
ا,30800,31199,1.925,1.950
ص,31000,31399,1.938,1.962
ا,31200,31599,1.950,1.975
ا,31400,31799,1.962,1.987
د,31600,31999,1.975,2.000
خ,32200,32599,2.013,2.037
خ,32400,32799,2.025,2.050
ص,32600,32999,2.038,2.062
ص,32800,33199,2.050,2.075
م,34200,34599,2.138,2.162
م,34400,34799,2.150,2.175
ت,34800,35199,2.175,2.200
ت,35000,35399,2.188,2.212
ذ,35200,35599,2.200,2.225
ذ,35400,35799,2.212,2.237
ه,35600,35999,2.225,2.250
ن,35800,36199,2.237,2.262
ن,36000,36399,2.250,2.275
د,36200,36599,2.263,2.287
ض,36400,36799,2.275,2.300
ل,36600,36999,2.288,2.312
ن,36800,37199,2.300,2.325
ل,37000,37399,2.312,2.337
غ,37200,37599,2.325,2.350
ل,37400,37799,2.337,2.362
ل,37600,37999,2.350,2.375
ل,37800,38199,2.362,2.387
ل,38000,38399,2.375,2.400
ل,38200,38599,2.388,2.412
ل,38400,38799,2.400,2.425
ل,38600,38999,2.413,2.437
ل,38800,39199,2.425,2.450
ل,39000,39399,2.438,2.462
ل,39200,39599,2.450,2.475
ل,39400,39799,2.462,2.487
ل,39600,39999,2.475,2.500
ل,39800,40199,2.487,2.512
ل,40000,40399,2.500,2.525
ل,40200,40599,2.513,2.537
ل,40400,40799,2.525,2.550
ل,40600,40999,2.538,2.562
ل,40800,41199,2.550,2.575
ل,41000,41399,2.562,2.587
ل,41200,41599,2.575,2.600
ل,41400,41799,2.587,2.612
ف,41600,41999,2.600,2.625
ل,41800,42199,2.612,2.637
ل,42000,42399,2.625,2.650
ل,42200,42599,2.638,2.662
ل,42400,42799,2.650,2.675
ل,42600,42999,2.663,2.687
ل,42800,43199,2.675,2.700
ل,43000,43399,2.688,2.712
ل,43200,43599,2.700,2.725
ل,43400,43799,2.712,2.737
ل,43600,43999,2.725,2.750
ل,43800,44199,2.737,2.762
ل,44000,44399,2.750,2.775
ه,44200,44599,2.763,2.787
ن,44400,44799,2.775,2.800
ل,44600,44999,2.788,2.812
ه,44800,45199,2.800,2.825
ن,45000,45399,2.812,2.837
ن,45200,45599,2.825,2.850
ه,45400,45799,2.837,2.862
ن,45600,45999,2.850,2.875
ن,45800,46199,2.862,2.887
ل,46000,46399,2.875,2.900
ل,46200,46599,2.888,2.912
ن,46400,46799,2.900,2.925
ل,46600,46999,2.913,2.937
ن,46800,47199,2.925,2.950
ل,47000,47399,2.938,2.962
ض,47200,47599,2.950,2.975
ز,47400,47799,2.962,2.987
ل,47600,47999,2.975,3.000
ل,47800,48199,2.987,3.012
ي,48200,48599,3.013,3.037
ض,48400,48799,3.025,3.050
ض,48600,48999,3.038,3.062
ض,49200,49599,3.075,3.100
ك,49400,49799,3.087,3.112
ك,49600,49999,3.100,3.125
م,49800,50199,3.112,3.137
ل,50800,51199,3.175,3.200
ل,51000,51399,3.188,3.212
ش,51400,51799,3.212,3.237
ت,51800,52199,3.237,3.262
ن,52000,52399,3.250,3.275
ل,52200,52599,3.263,3.287
ل,52400,52799,3.275,3.300
ل,52600,52999,3.288,3.312
ل,52800,53199,3.300,3.325
ل,53000,53399,3.312,3.337
ل,53200,53599,3.325,3.350
ل,53400,53799,3.337,3.362
ل,53600,53999,3.350,3.375
ل,53800,54199,3.362,3.387
ن,54000,54399,3.375,3.400
ل,54200,54599,3.388,3.412
ن,54400,54799,3.400,3.425
ن,54600,54999,3.413,3.437
ل,54800,55199,3.425,3.450
ن,55000,55399,3.438,3.462
ل,55200,55599,3.450,3.475
ل,55400,55799,3.462,3.487
ل,55600,55999,3.475,3.500
ل,55800,56199,3.487,3.512
ل,56000,56399,3.500,3.525
غ,56200,56599,3.513,3.537
ل,56400,56799,3.525,3.550
ل,56600,56999,3.538,3.562
ل,56800,57199,3.550,3.575
ل,57000,57399,3.562,3.587
ل,57200,57599,3.575,3.600
ل,57400,57799,3.587,3.612
ل,57600,57999,3.600,3.625
ل,57800,58199,3.612,3.637
ل,58000,58399,3.625,3.650
ل,58200,58599,3.638,3.662
ف,58400,58799,3.650,3.675
ل,58600,58999,3.663,3.687
ل,58800,59199,3.675,3.700
ل,59000,59399,3.688,3.712
ف,59200,59599,3.700,3.725
ف,59400,59799,3.712,3.737
ت,59600,59999,3.725,3.750
ت,59800,60199,3.737,3.762
ت,60000,60399,3.750,3.775
ت,60400,60799,3.775,3.800
ز,60600,60999,3.788,3.812
غ,61000,61399,3.812,3.837
ل,61200,61599,3.825,3.850
ل,61400,61799,3.837,3.862
ل,61600,61999,3.850,3.875
ن,61800,62199,3.862,3.887
ل,62000,62399,3.875,3.900
ك,62200,62599,3.888,3.912
ج,62400,62799,3.900,3.925
ل,62600,62999,3.913,3.937
ق,62800,63199,3.925,3.950
ن,63000,63399,3.938,3.962
ن,63200,63599,3.950,3.975
ذ,63400,63799,3.962,3.987
ن,63600,63999,3.975,4.000
ن,63800,64199,3.987,4.012
ل,64000,64399,4.000,4.025
ل,64200,64599,4.013,4.037
ن,64400,64799,4.025,4.050
ن,64600,64999,4.037,4.062
ذ,64800,65199,4.050,4.075
ه,65000,65399,4.062,4.087
ر,65200,65599,4.075,4.100
_,65400,65799,4.088,4.112
_,65600,65999,4.100,4.125
_,65800,66199,4.112,4.137
ا,66000,66399,4.125,4.150
ا,66200,66599,4.138,4.162
_,66400,66799,4.150,4.175
_,66600,66999,4.162,4.187
ا,66800,67199,4.175,4.200
ا,67000,67399,4.188,4.212
_,67200,67599,4.200,4.225
_,67400,67799,4.213,4.237
_,67600,67999,4.225,4.250
ا,67800,68199,4.237,4.262
ا,68000,68399,4.250,4.275
ا,68200,68599,4.263,4.287
_,68400,68799,4.275,4.300
_,68600,68999,4.287,4.312
_,68800,69199,4.300,4.325
ا,69000,69399,4.312,4.337
ا,69200,69599,4.325,4.350
_,69400,69799,4.338,4.362
_,69600,69999,4.350,4.375
_,69800,70199,4.362,4.387
ا,70000,70399,4.375,4.400
ا,70200,70599,4.388,4.412
_,70400,70799,4.400,4.425
_,70600,70999,4.412,4.437
_,70800,71199,4.425,4.450
ا,71000,71399,4.438,4.462
ا,71200,71599,4.450,4.475
ا,71400,71799,4.463,4.487
_,71600,71999,4.475,4.500
_,71800,72199,4.487,4.512
_,72000,72399,4.500,4.525
ا,72200,72599,4.513,4.537
ا,72400,72799,4.525,4.550
ا,72600,72999,4.537,4.562
_,72800,73199,4.550,4.575
_,73000,73399,4.562,4.587
ا,73200,73599,4.575,4.600
ا,73400,73799,4.588,4.612
ا,73600,73999,4.600,4.625
_,73800,74199,4.612,4.637
_,74000,74399,4.625,4.650
_,74200,74599,4.638,4.662
ا,74400,74799,4.650,4.675
ا,74600,74999,4.662,4.687
ا,74800,75199,4.675,4.700
ر,75000,75399,4.688,4.712
_,75200,75599,4.700,4.725
_,75400,75799,4.713,4.737
ا,75600,75999,4.725,4.750
ا,75800,76199,4.737,4.762
ا,76000,76399,4.750,4.775
_,76200,76599,4.763,4.787
_,76400,76799,4.775,4.800
ا,76600,76999,4.787,4.812
ا,76800,77199,4.800,4.825
ا,77000,77399,4.812,4.837
_,77200,77599,4.825,4.850
_,77400,77799,4.838,4.862
_,77600,77999,4.850,4.875
ا,77800,78199,4.862,4.887
ا,78000,78399,4.875,4.900
ا,78200,78599,4.888,4.912
_,78400,78799,4.900,4.925
_,78600,78999,4.912,4.937
_,78800,79199,4.925,4.950
ا,79000,79399,4.938,4.962
ا,79200,79599,4.950,4.975
_,79400,79799,4.963,4.987
_,79600,79999,4.975,5.000
_,79800,80199,4.987,5.012
ا,80000,80399,5.000,5.025
ا,80200,80599,5.013,5.037
ا,80400,80799,5.025,5.050
_,80600,80999,5.037,5.062
_,80800,81199,5.050,5.075
_,81000,81399,5.062,5.087
ا,81200,81599,5.075,5.100
ا,81400,81799,5.088,5.112
_,81600,81999,5.100,5.125
_,81800,82199,5.112,5.137
_,82000,82399,5.125,5.150
ا,82200,82599,5.138,5.162
_,82400,82799,5.150,5.175
_,82600,82999,5.162,5.187
_,82800,83199,5.175,5.200
ا,83000,83399,5.188,5.212
ا,83200,83599,5.200,5.225
_,83400,83799,5.213,5.237
_,83600,83999,5.225,5.250
_,83800,84199,5.237,5.262
ا,84000,84399,5.250,5.275
ا,84200,84599,5.263,5.287
_,84400,84799,5.275,5.300
_,84600,84999,5.287,5.312
_,84800,85199,5.300,5.325
ا,85000,85399,5.312,5.337
ا,85200,85599,5.325,5.350
_,85400,85799,5.338,5.362
ا,85800,86199,5.362,5.387
ا,86000,86399,5.375,5.400
_,86200,86599,5.388,5.412
_,86400,86799,5.400,5.425
_,86600,86999,5.412,5.437
ا,86800,87199,5.425,5.450
ا,87000,87399,5.438,5.462
_,87200,87599,5.450,5.475
_,87400,87799,5.463,5.487
ا,87600,87999,5.475,5.500
ا,87800,88199,5.487,5.512
ب,88000,88399,5.500,5.525
ا,88200,88599,5.513,5.537
ا,88400,88799,5.525,5.550
_,88600,88999,5.537,5.562
_,88800,89199,5.550,5.575
ب,89000,89399,5.562,5.587
ا,89200,89599,5.575,5.600
ا,89400,89799,5.588,5.612
ش,89600,89999,5.600,5.625
ا,89800,90199,5.612,5.637
ا,90000,90399,5.625,5.650
_,90200,90599,5.638,5.662
_,90400,90799,5.650,5.675
ا,90600,90999,5.662,5.687
_,90800,91199,5.675,5.700
_,91000,91399,5.688,5.712
_,91400,91799,5.713,5.737
_,91600,91999,5.725,5.750
ا,91800,92199,5.737,5.762
ا,92000,92399,5.750,5.775
_,92200,92599,5.763,5.787
_,92400,92799,5.775,5.800
د,92600,92999,5.787,5.812
ع,92800,93199,5.800,5.825
ع,93000,93399,5.812,5.837
ب,93200,93599,5.825,5.850
ا,93400,93799,5.838,5.862
ا,93600,93999,5.850,5.875
_,93800,94199,5.862,5.887
_,94000,94399,5.875,5.900
ا,94200,94599,5.888,5.912
_,94400,94799,5.900,5.925
_,94600,94999,5.912,5.937
ا,94800,95199,5.925,5.950
ا,95000,95399,5.938,5.962
_,95200,95599,5.950,5.975
_,95400,95799,5.963,5.987
ا,95600,95999,5.975,6.000
_,95800,96199,5.987,6.012
_,96000,96399,6.000,6.025
ا,96200,96599,6.013,6.037
ا,96400,96799,6.025,6.050
_,96600,96999,6.037,6.062
_,96800,97199,6.050,6.075
ا,97000,97399,6.062,6.087
س,97200,97599,6.075,6.100
س,97400,97799,6.088,6.112
خ,97600,97999,6.100,6.125
_,98000,98399,6.125,6.150
_,98200,98599,6.138,6.162
ا,98400,98799,6.150,6.175
ا,98600,98999,6.162,6.187
_,98800,99199,6.175,6.200
_,99000,99399,6.188,6.212
ا,99200,99599,6.200,6.225
_,99400,99799,6.213,6.237
_,99600,99999,6.225,6.250
_,99800,100199,6.237,6.262
ا,100000,100399,6.250,6.275
_,100200,100599,6.263,6.287
_,100400,100799,6.275,6.300
ا,100600,100999,6.287,6.312
_,100800,101199,6.300,6.325
_,101000,101399,6.312,6.337
ا,101200,101599,6.325,6.350
ا,101400,101799,6.338,6.362
_,101600,101999,6.350,6.375
_,101800,102199,6.362,6.387
س,102200,102599,6.388,6.412
س,102400,102799,6.400,6.425
خ,102600,102999,6.412,6.437
_,103000,103399,6.438,6.462
_,103200,103599,6.450,6.475
_,103400,103799,6.463,6.487
ا,103600,103999,6.475,6.500
س,103800,104199,6.487,6.512
ب,104000,104399,6.500,6.525
ا,104200,104599,6.513,6.537
ا,104400,104799,6.525,6.550
ش,104600,104999,6.537,6.562
ش,104800,105199,6.550,6.575
ش,105200,105599,6.575,6.600
ر,105400,105799,6.588,6.612
ر,105600,105999,6.600,6.625
ن,105800,106199,6.612,6.637
ن,106000,106399,6.625,6.650
ل,106200,106599,6.638,6.662
ن,106400,106799,6.650,6.675
ل,106600,106999,6.662,6.687
ل,106800,107199,6.675,6.700
ل,107000,107399,6.688,6.712
ل,107200,107599,6.700,6.725
ل,107400,107799,6.713,6.737
ل,107600,107999,6.725,6.750
ض,107800,108199,6.737,6.762
ف,108000,108399,6.750,6.775
ل,108200,108599,6.763,6.787
ف,108400,108799,6.775,6.800
ف,108600,108999,6.787,6.812
ل,108800,109199,6.800,6.825
ف,109000,109399,6.812,6.837
ل,109200,109599,6.825,6.850
ل,109400,109799,6.838,6.862
ف,109600,109999,6.850,6.875
ل,109800,110199,6.862,6.887
ت,110000,110399,6.875,6.900
ك,110200,110599,6.888,6.912
ك,110400,110799,6.900,6.925
م,110600,110999,6.912,6.937
م,110800,111199,6.925,6.950
م,111000,111399,6.938,6.962
م,111200,111599,6.950,6.975
ن,111400,111799,6.963,6.987
ل,111600,111999,6.975,7.000
ل,111800,112199,6.987,7.012
ل,112000,112399,7.000,7.025
ف,112200,112599,7.013,7.037
د,113400,113799,7.088,7.112
غ,113800,114199,7.112,7.137
غ,114000,114399,7.125,7.150
ل,114200,114599,7.138,7.162
ل,114400,114799,7.150,7.175
ف,114600,114999,7.162,7.187
ل,114800,115199,7.175,7.200
ز,115000,115399,7.188,7.212
ي,115200,115599,7.200,7.225
ي,115400,115799,7.213,7.237
ل,115600,115999,7.225,7.250
ل,115800,116199,7.237,7.262
ل,116000,116399,7.250,7.275
ض,116200,116599,7.263,7.287
ل,116400,116799,7.275,7.300
ل,116600,116999,7.287,7.312
ل,116800,117199,7.300,7.325
ل,117000,117399,7.312,7.337
ل,117200,117599,7.325,7.350
ل,117400,117799,7.338,7.362
ل,117600,117999,7.350,7.375
ن,117800,118199,7.362,7.387
ن,118000,118399,7.375,7.400
ل,118200,118599,7.388,7.412
ن,118400,118799,7.400,7.425
ن,118600,118999,7.412,7.437
ل,118800,119199,7.425,7.450
ن,119000,119399,7.438,7.462
ل,119200,119599,7.450,7.475
ل,119400,119799,7.463,7.487
ن,119600,119999,7.475,7.500
ل,119800,120199,7.487,7.512
ل,120000,120399,7.500,7.525
ن,120200,120599,7.513,7.537
ل,120400,120799,7.525,7.550
ن,120600,120999,7.537,7.562
ن,120800,121199,7.550,7.575
ل,121000,121399,7.562,7.587
ن,121200,121599,7.575,7.600
ل,121400,121799,7.588,7.612
ل,121600,121999,7.600,7.625
ن,121800,122199,7.612,7.637
ف,122000,122399,7.625,7.650
ف,122400,122799,7.650,7.675
ج,122600,122999,7.662,7.687
ج,122800,123199,7.675,7.700
ن,123400,123799,7.713,7.737
ن,123600,123999,7.725,7.750
غ,124000,124399,7.750,7.775
ي,124600,124999,7.787,7.812
ض,124800,125199,7.800,7.825
ك,125000,125399,7.812,7.837
ج,125200,125599,7.825,7.850
ث,125400,125799,7.838,7.862
ق,125600,125999,7.850,7.875
ذ,126200,126599,7.888,7.912
ك,126400,126799,7.900,7.925
ج,126600,126999,7.912,7.937
ل,126800,127199,7.925,7.950
ت,127000,127399,7.938,7.962
ذ,127200,127599,7.950,7.975
ذ,127400,127799,7.963,7.987
ح,127600,127999,7.975,8.000
م,127800,128199,7.987,8.012
ح,128200,128599,8.012,8.037
ر,128400,128799,8.025,8.050
_,128600,128999,8.037,8.062
_,128800,129199,8.050,8.075
_,129000,129399,8.062,8.087
_,129200,129599,8.075,8.100
ا,129400,129799,8.088,8.112
ا,129600,129999,8.100,8.125
ا,129800,130199,8.113,8.137
ا,130000,130399,8.125,8.150
ر,130200,130599,8.137,8.162
ر,130400,130799,8.150,8.175
ن,130800,131199,8.175,8.200
ل,131000,131399,8.188,8.212
ل,131200,131599,8.200,8.225
ر,131400,131799,8.213,8.237
ر,131600,131999,8.225,8.250
س,132000,132399,8.250,8.275
ا,132200,132599,8.262,8.287
ث,132600,132999,8.287,8.312
ث,132800,133199,8.300,8.325
ق,133000,133399,8.312,8.337
ك,133800,134199,8.363,8.387
ح,134000,134399,8.375,8.400
ح,134200,134599,8.387,8.412
ل,136200,136599,8.512,8.537
ل,136400,136799,8.525,8.550
ذ,136600,136999,8.537,8.562
ذ,136800,137199,8.550,8.575
ح,137000,137399,8.562,8.587
ج,137200,137599,8.575,8.600
ج,137400,137799,8.588,8.612
ث,137600,137999,8.600,8.625
ق,137800,138199,8.613,8.637
ق,138000,138399,8.625,8.650
_,138800,139199,8.675,8.700
_,139000,139399,8.688,8.712
_,139200,139599,8.700,8.725
_,139400,139799,8.713,8.737
_,139600,139999,8.725,8.750
_,139800,140199,8.738,8.762
_,140000,140399,8.750,8.775
ل,140600,140999,8.787,8.812
_,140800,141199,8.800,8.825
_,141000,141399,8.812,8.837
ك,141600,141999,8.850,8.875
ق,141800,142199,8.863,8.887
ح,142000,142399,8.875,8.900
_,142200,142599,8.887,8.912
ا,143000,143399,8.938,8.962
ا,143200,143599,8.950,8.975
ا,143400,143799,8.963,8.987
ك,143600,143999,8.975,9.000
ر,143800,144199,8.988,9.012
ر,144000,144399,9.000,9.025
ر,144200,144599,9.012,9.037
ر,144400,144799,9.025,9.050
_,144600,144999,9.037,9.062
ه,144800,145199,9.050,9.075
ع,145000,145399,9.062,9.087
ع,145200,145599,9.075,9.100
ه,145400,145799,9.088,9.112
ه,145600,145999,9.100,9.125
ب,146000,146399,9.125,9.150
ب,146200,146599,9.137,9.162
ه,146400,146799,9.150,9.175
ب,146600,146999,9.162,9.187
ا,146800,147199,9.175,9.200
ا,147000,147399,9.188,9.212
ه,147600,147999,9.225,9.250
ه,147800,148199,9.238,9.262
ن,148000,148399,9.250,9.275
ه,148400,148799,9.275,9.300
ق,148600,148999,9.287,9.312
ق,148800,149199,9.300,9.325
خ,149000,149399,9.312,9.337
خ,149200,149599,9.325,9.350
ك,149400,149799,9.338,9.362
ك,149600,149999,9.350,9.375
ر,149800,150199,9.363,9.387
ر,150000,150399,9.375,9.400
ن,150200,150599,9.387,9.412
ق,150400,150799,9.400,9.425
ق,150600,150999,9.412,9.437
_,150800,151199,9.425,9.450
_,151000,151399,9.438,9.462
د,151200,151599,9.450,9.475
_,151400,151799,9.463,9.487
_,151600,151999,9.475,9.500
ا,151800,152199,9.488,9.512
ا,152000,152399,9.500,9.525
ب,152200,152599,9.512,9.537
ب,152400,152799,9.525,9.550
ب,152600,152999,9.537,9.562
ه,152800,153199,9.550,9.575
م,153000,153399,9.562,9.587
ك,153200,153599,9.575,9.600
ه,153400,153799,9.588,9.612
ه,153600,153999,9.600,9.625
ح,153800,154199,9.613,9.637
م,154200,154599,9.637,9.662
م,154400,154799,9.650,9.675
ن,154600,154999,9.662,9.687
ن,154800,155199,9.675,9.700
ر,155000,155399,9.688,9.712
_,155200,155599,9.700,9.725
_,155400,155799,9.713,9.737
ر,155600,155999,9.725,9.750
ن,155800,156199,9.738,9.762
ن,156000,156399,9.750,9.775
ل,156200,156599,9.762,9.787
د,156400,156799,9.775,9.800
د,157400,157799,9.838,9.862
ب,157600,157999,9.850,9.875
ب,157800,158199,9.863,9.887
م,158000,158399,9.875,9.900
ج,158200,158599,9.887,9.912
ج,158400,158799,9.900,9.925
ه,158600,158999,9.912,9.937
ن,158800,159199,9.925,9.950
ن,159000,159399,9.938,9.962
د,159200,159599,9.950,9.975
ح,159600,159999,9.975,10.000
ا,160000,160399,10.000,10.025
ا,160200,160599,10.012,10.037
ل,160400,160799,10.025,10.050
ا,160600,160999,10.037,10.062
ر,160800,161199,10.050,10.075
ش,161000,161399,10.062,10.087
ش,161200,161599,10.075,10.100
ض,162000,162399,10.125,10.150
ض,162200,162599,10.137,10.162
ي,162400,162799,10.150,10.175
ي,163000,163399,10.188,10.212
ا,163400,163799,10.213,10.237
ا,163600,163999,10.225,10.250
ر,163800,164199,10.238,10.262
_,164000,164399,10.250,10.275
_,164200,164599,10.262,10.287
_,164400,164799,10.275,10.300
ا,164600,164999,10.287,10.312
ا,164800,165199,10.300,10.325
_,165000,165399,10.312,10.337
_,165200,165599,10.325,10.350
ا,165400,165799,10.338,10.362
_,165600,165999,10.350,10.375
_,165800,166199,10.363,10.387
ا,166000,166399,10.375,10.400
_,166200,166599,10.387,10.412
_,166400,166799,10.400,10.425
ا,166600,166999,10.412,10.437
ا,166800,167199,10.425,10.450
_,167000,167399,10.438,10.462
_,167200,167599,10.450,10.475
ا,167400,167799,10.463,10.487
ا,167600,167999,10.475,10.500
_,167800,168199,10.488,10.512
_,168000,168399,10.500,10.525
_,168200,168599,10.512,10.537
ا,168400,168799,10.525,10.550
ا,168600,168999,10.537,10.562
ا,168800,169199,10.550,10.575
ا,169000,169399,10.562,10.587
ا,169200,169599,10.575,10.600
ذ,169400,169799,10.588,10.612
ل,169600,169999,10.600,10.625
ج,169800,170199,10.613,10.637
ض,170000,170399,10.625,10.650
ك,170200,170599,10.637,10.662
ي,170400,170799,10.650,10.675
ي,170600,170999,10.662,10.687
د,171000,171399,10.688,10.712
د,171200,171599,10.700,10.725
د,171400,171799,10.713,10.737
د,171600,171999,10.725,10.750
د,171800,172199,10.738,10.762
د,172200,172599,10.762,10.787
ي,172600,172999,10.787,10.812
غ,172800,173199,10.800,10.825
ز,173000,173399,10.812,10.837
ل,173200,173599,10.825,10.850
ل,173400,173799,10.838,10.862
ل,173600,173999,10.850,10.875
ز,173800,174199,10.863,10.887
ل,174000,174399,10.875,10.900
ي,174600,174999,10.912,10.937
ت,174800,175199,10.925,10.950
ل,175200,175599,10.950,10.975
ت,175400,175799,10.963,10.987
ك,175600,175999,10.975,11.000
ك,175800,176199,10.988,11.012
ل,176000,176399,11.000,11.025
ل,176200,176599,11.012,11.037
ن,176400,176799,11.025,11.050
ن,176600,176999,11.037,11.062
ذ,176800,177199,11.050,11.075
ن,177000,177399,11.062,11.087
ن,177200,177599,11.075,11.100
ل,177400,177799,11.088,11.112
ر,177800,178199,11.113,11.137
ر,178000,178399,11.125,11.150
ن,182800,183199,11.425,11.450
_,183200,183599,11.450,11.475
ن,183400,183799,11.463,11.487
ن,183600,183999,11.475,11.500
ن,183800,184199,11.488,11.512
ث,184000,184399,11.500,11.525
ق,184200,184599,11.512,11.537
ن,184600,184999,11.537,11.562
ن,184800,185199,11.550,11.575
ه,185000,185399,11.562,11.587
ن,185200,185599,11.575,11.600
ن,185400,185799,11.588,11.612
ن,185600,185999,11.600,11.625
ل,185800,186199,11.613,11.637
ت,186000,186399,11.625,11.650
ت,186200,186599,11.637,11.662
ك,186400,186799,11.650,11.675
ن,186600,186999,11.662,11.687
ل,186800,187199,11.675,11.700
ق,187000,187399,11.688,11.712
ن,187200,187599,11.700,11.725
ن,187400,187799,11.713,11.737
ذ,187600,187999,11.725,11.750
ه,187800,188199,11.738,11.762
ن,188000,188399,11.750,11.775
ن,188200,188599,11.762,11.787
ث,188400,188799,11.775,11.800
ق,188600,188999,11.787,11.812
ن,188800,189199,11.800,11.825
ن,189000,189399,11.812,11.837
ر,189200,189599,11.825,11.850
س,189400,189799,11.838,11.862
ا,189800,190199,11.863,11.887
ا,190000,190399,11.875,11.900
ر,190200,190599,11.887,11.912
ل,190400,190799,11.900,11.925
ص,190600,190999,11.912,11.937
ص,190800,191199,11.925,11.950
ص,191200,191599,11.950,11.975
ن,191400,191799,11.963,11.987
ن,191600,191999,11.975,12.000
ف,191800,192199,11.988,12.012
_,192000,192399,12.000,12.025
_,192200,192599,12.012,12.037
ن,192400,192799,12.025,12.050
ف,192800,193199,12.050,12.075
ن,193000,193399,12.062,12.087
ن,193200,193599,12.075,12.100
د,193400,193799,12.088,12.112
د,193600,193999,12.100,12.125
ه,194000,194399,12.125,12.150
ه,194200,194599,12.137,12.162
ك,194600,194999,12.162,12.187
ه,194800,195199,12.175,12.200
ن,195200,195599,12.200,12.225
ن,195400,195799,12.213,12.237
ه,195600,195999,12.225,12.250
ه,195800,196199,12.238,12.262
س,196200,196599,12.262,12.287
ل,196400,196799,12.275,12.300
ه,196600,196999,12.287,12.312
ر,196800,197199,12.300,12.325
ر,197000,197399,12.312,12.337
ه,197600,197999,12.350,12.375
ه,197800,198199,12.363,12.387
ن,198000,198399,12.375,12.400
ن,198200,198599,12.387,12.412
ف,198400,198799,12.400,12.425
ف,198600,198999,12.412,12.437
ح,198800,199199,12.425,12.450
م,199000,199399,12.438,12.462
م,199200,199599,12.450,12.475
د,199400,199799,12.463,12.487
د,199600,199999,12.475,12.500
د,199800,200199,12.488,12.512
ن,200000,200399,12.500,12.525
ن,200200,200599,12.512,12.537
ك,200400,200799,12.525,12.550
ه,200600,200999,12.537,12.562
ه,200800,201199,12.550,12.575
ن,201000,201399,12.562,12.587
ن,201200,201599,12.575,12.600
ف,201400,201799,12.588,12.612
ه,201600,201999,12.600,12.625
_,202000,202399,12.625,12.650
_,202200,202599,12.637,12.662
ح,202400,202799,12.650,12.675
_,202600,202999,12.662,12.687
_,202800,203199,12.675,12.700
ن,203000,203399,12.688,12.712
ن,203200,203599,12.700,12.725
ه,203400,203799,12.713,12.737
ه,203600,203999,12.725,12.750
ن,203800,204199,12.738,12.762
ن,204000,204399,12.750,12.775
ت,204200,204599,12.762,12.787
ت,204400,204799,12.775,12.800
ح,204600,204999,12.787,12.812
ح,204800,205199,12.800,12.825
ن,205000,205399,12.812,12.837
ن,205200,205599,12.825,12.850
د,205400,205799,12.838,12.862
ع,205600,205999,12.850,12.875
ع,205800,206199,12.863,12.887
ا,206000,206399,12.875,12.900
ذ,206200,206599,12.887,12.912
ذ,206400,206799,12.900,12.925
ه,206600,206999,12.912,12.937
ن,206800,207199,12.925,12.950
ن,207000,207399,12.938,12.962
م,207200,207599,12.950,12.975
م,207400,207799,12.963,12.987
ط,208000,208399,13.000,13.025
ط,208200,208599,13.012,13.037
ه,208400,208799,13.025,13.050
ه,208600,208999,13.037,13.062
ت,208800,209199,13.050,13.075
ر,209000,209399,13.062,13.087
ب,209600,209999,13.100,13.125
ل,209800,210199,13.113,13.137
ت,210000,210399,13.125,13.150
ح,210400,210799,13.150,13.175
ش,210600,210999,13.162,13.187
ا,211000,211399,13.188,13.212
ا,211200,211599,13.200,13.225
ط,211600,211999,13.225,13.250
ش,211800,212199,13.238,13.262
ش,212000,212399,13.250,13.275
ا,212400,212799,13.275,13.300
ا,212600,212999,13.287,13.312
س,212800,213199,13.300,13.325
س,213000,213399,13.312,13.337
ب,213200,213599,13.325,13.350
ا,213400,213799,13.338,13.362
ا,213600,213999,13.350,13.375
ا,213800,214199,13.363,13.387
ج,214000,214399,13.375,13.400
ث,214200,214599,13.387,13.412
ث,214400,214799,13.400,13.425
ض,214600,214999,13.412,13.437
ك,214800,215199,13.425,13.450
ي,215000,215399,13.438,13.462
ل,215200,215599,13.450,13.475
ل,215400,215799,13.463,13.487
ل,215600,215999,13.475,13.500
ل,215800,216199,13.488,13.512
ت,216000,216399,13.500,13.525
ت,216400,216799,13.525,13.550
ت,216600,216999,13.537,13.562
ض,217000,217399,13.562,13.587
ض,217200,217599,13.575,13.600
ل,217400,217799,13.588,13.612
ل,217600,217999,13.600,13.625
ز,217800,218199,13.613,13.637
ز,218000,218399,13.625,13.650
ل,218200,218599,13.637,13.662
غ,218400,218799,13.650,13.675
ز,218600,218999,13.662,13.687
ل,218800,219199,13.675,13.700
ل,219000,219399,13.688,13.712
ل,219200,219599,13.700,13.725
ل,219400,219799,13.713,13.737
ل,219600,219999,13.725,13.750
ل,219800,220199,13.738,13.762
ن,220000,220399,13.750,13.775
ن,220200,220599,13.762,13.787
ق,220400,220799,13.775,13.800
ن,220600,220999,13.787,13.812
ن,220800,221199,13.800,13.825
ذ,221000,221399,13.812,13.837
ل,221200,221599,13.825,13.850
ل,221400,221799,13.838,13.862
ل,221800,222199,13.863,13.887
ف,222000,222399,13.875,13.900
ل,222200,222599,13.887,13.912
ل,222400,222799,13.900,13.925
ل,222600,222999,13.912,13.937
ز,222800,223199,13.925,13.950
ز,223000,223399,13.938,13.962
ل,223200,223599,13.950,13.975
ل,223400,223799,13.963,13.987
ل,223600,223999,13.975,14.000
ف,223800,224199,13.988,14.012
ل,224000,224399,14.000,14.025
ل,224200,224599,14.012,14.037
ل,224400,224799,14.025,14.050
ز,224600,224999,14.037,14.062
ل,224800,225199,14.050,14.075
ف,225000,225399,14.062,14.087
ك,225200,225599,14.075,14.100
ك,225400,225799,14.088,14.112
م,225600,225999,14.100,14.125
م,225800,226199,14.113,14.137
ن,226000,226399,14.125,14.150
ل,226200,226599,14.137,14.162
ل,226400,226799,14.150,14.175
ل,226600,226999,14.162,14.187
ف,226800,227199,14.175,14.200
غ,227800,228199,14.238,14.262
غ,228000,228399,14.250,14.275
ز,228200,228599,14.262,14.287
ل,228400,228799,14.275,14.300
ل,228600,228999,14.287,14.312
ل,228800,229199,14.300,14.325
ف,229000,229399,14.312,14.337
ل,229200,229599,14.325,14.350
ف,229400,229799,14.338,14.362
غ,229600,229999,14.350,14.375
غ,229800,230199,14.363,14.387
ز,230000,230399,14.375,14.400
ض,230200,230599,14.387,14.412
ي,230400,230799,14.400,14.425
ي,230600,230999,14.412,14.437
غ,230800,231199,14.425,14.450
ن,231000,231399,14.438,14.462
ل,231200,231599,14.450,14.475
ل,231400,231799,14.463,14.487
ك,231600,231999,14.475,14.500
ل,231800,232199,14.488,14.512
ه,232000,232399,14.500,14.525
ل,232200,232599,14.512,14.537
ل,232400,232799,14.525,14.550
ق,232600,232999,14.537,14.562
ج,233000,233399,14.562,14.587
ك,233200,233599,14.575,14.600
ن,233400,233799,14.588,14.612
ل,233600,233999,14.600,14.625
ل,233800,234199,14.613,14.637
ل,234000,234399,14.625,14.650
ل,234200,234599,14.637,14.662
ف,234400,234799,14.650,14.675
ف,234600,234999,14.662,14.687
ت,234800,235199,14.675,14.700
ت,235000,235399,14.688,14.712
ت,235400,235799,14.713,14.737
ز,235600,235999,14.725,14.750
ز,235800,236199,14.738,14.762
غ,236000,236399,14.750,14.775
غ,236200,236599,14.762,14.787
ت,236600,236999,14.787,14.812
ت,237000,237399,14.812,14.837
ت,237200,237599,14.825,14.850
ف,237400,237799,14.838,14.862
ت,237600,237999,14.850,14.875
ت,237800,238199,14.863,14.887
ت,238400,238799,14.900,14.925
ت,238600,238999,14.912,14.937
ت,238800,239199,14.925,14.950
ت,239000,239399,14.938,14.962
ف,239200,239599,14.950,14.975
ف,239400,239799,14.963,14.987
ت,239600,239999,14.975,15.000
ف,239800,240199,14.988,15.012
ل,240000,240399,15.000,15.025
ل,240200,240599,15.012,15.037
ل,240400,240799,15.025,15.050
ل,240600,240999,15.037,15.062
ل,241000,241399,15.062,15.087
ك,241200,241599,15.075,15.100
ل,241400,241799,15.088,15.112
ل,241600,241999,15.100,15.125
ن,241800,242199,15.113,15.137
ن,242000,242399,15.125,15.150
ك,242200,242599,15.137,15.162
ن,242400,242799,15.150,15.175
ل,242600,242999,15.162,15.187
ل,242800,243199,15.175,15.200
ن,243000,243399,15.188,15.212
ل,243200,243599,15.200,15.225
ل,243400,243799,15.213,15.237
ن,243600,243999,15.225,15.250
ل,243800,244199,15.238,15.262
ل,244000,244399,15.250,15.275
ن,244200,244599,15.262,15.287
ذ,244400,244799,15.275,15.300
ك,244600,244999,15.287,15.312
ج,244800,245199,15.300,15.325
ج,245000,245399,15.312,15.337
ث,245200,245599,15.325,15.350
ق,245400,245799,15.338,15.362
ن,245600,245999,15.350,15.375
ن,245800,246199,15.363,15.387
ذ,246000,246399,15.375,15.400
ن,246400,246799,15.400,15.425
ا,246600,246999,15.412,15.437
ا,246800,247199,15.425,15.450
ر,247000,247399,15.438,15.462
_,247600,247999,15.475,15.500
_,247800,248199,15.488,15.512
ب,248000,248399,15.500,15.525
ب,248200,248599,15.512,15.537
ع,248400,248799,15.525,15.550
ص,248800,249199,15.550,15.575
ص,249000,249399,15.562,15.587
د,249200,249599,15.575,15.600
_,249400,249799,15.588,15.612
_,249600,249999,15.600,15.625
ح,249800,250199,15.613,15.637
س,250000,250399,15.625,15.650
_,250200,250599,15.637,15.662
_,250400,250799,15.650,15.675
ن,250600,250999,15.662,15.687
ب,250800,251199,15.675,15.700
خ,251000,251399,15.688,15.712
ن,251200,251599,15.700,15.725
ن,251400,251799,15.713,15.737
ص,251600,251999,15.725,15.750
ن,252000,252399,15.750,15.775
ر,252400,252799,15.775,15.800
ن,252600,252999,15.787,15.812
ن,252800,253199,15.800,15.825
ا,253000,253399,15.812,15.837
_,253200,253599,15.825,15.850
_,253400,253799,15.838,15.862
ا,253600,253999,15.850,15.875
س,253800,254199,15.863,15.887
ه,254000,254399,15.875,15.900
ر,254400,254799,15.900,15.925
س,254600,254999,15.912,15.937
ا,254800,255199,15.925,15.950
ا,255000,255399,15.938,15.962
_,255200,255599,15.950,15.975
_,255400,255799,15.963,15.987
ن,255600,255999,15.975,16.000
م,255800,256199,15.988,16.012
م,256000,256399,16.000,16.025
ن,256200,256599,16.012,16.037
ن,256400,256799,16.025,16.050
د,256600,256999,16.038,16.062
ف,256800,257199,16.050,16.075
ب,257200,257599,16.075,16.100
ح,257400,257799,16.087,16.112
ا,257800,258199,16.113,16.137
ا,258000,258399,16.125,16.150
_,258200,258599,16.137,16.162
_,258400,258799,16.150,16.175
ا,258600,258999,16.163,16.187
ص,258800,259199,16.175,16.200
_,259000,259399,16.188,16.212
_,259200,259599,16.200,16.225
ن,259400,259799,16.212,16.237
ق,259600,259999,16.225,16.250
ق,259800,260199,16.238,16.262
ب,260000,260399,16.250,16.275
ع,260200,260599,16.262,16.287
ع,260400,260799,16.275,16.300
ب,260600,260999,16.288,16.312
ن,260800,261199,16.300,16.325
ف,261000,261399,16.312,16.337
ت,261200,261599,16.325,16.350
ت,261400,261799,16.337,16.362
م,261600,261999,16.350,16.375
م,262000,262399,16.375,16.400
ص,262400,262799,16.400,16.425
ض,262600,262999,16.413,16.437
ض,262800,263199,16.425,16.450
ك,263000,263399,16.438,16.462
_,263200,263599,16.450,16.475
_,263400,263799,16.462,16.487
ا,263600,263999,16.475,16.500
ا,263800,264199,16.488,16.512
_,264000,264399,16.500,16.525
_,264200,264599,16.512,16.537
ا,264400,264799,16.525,16.550
ر,264600,264999,16.538,16.562
ن,265000,265399,16.562,16.587
ن,265200,265599,16.575,16.600
ت,265400,265799,16.587,16.612
م,265600,265999,16.600,16.625
ك,265800,266199,16.613,16.637
ك,266000,266399,16.625,16.650
ن,266400,266799,16.650,16.675
ن,266600,266999,16.663,16.687
د,266800,267199,16.675,16.700
_,267000,267399,16.688,16.712
ح,267200,267599,16.700,16.725
ح,267400,267799,16.712,16.737
_,267600,267999,16.725,16.750
_,267800,268199,16.738,16.762
ب,268000,268399,16.750,16.775
ش,268600,268999,16.788,16.812
س,268800,269199,16.800,16.825
ا,269000,269399,16.812,16.837
ا,269200,269599,16.825,16.850
_,269400,269799,16.837,16.862
ا,269600,269999,16.850,16.875
_,269800,270199,16.863,16.887
_,270000,270399,16.875,16.900
ا,270200,270599,16.887,16.912
ا,270400,270799,16.900,16.925
ج,270600,270999,16.913,16.937
ث,270800,271199,16.925,16.950
ث,271000,271399,16.938,16.962
ق,271200,271599,16.950,16.975
ذ,272200,272599,17.012,17.037
ف,272400,272799,17.025,17.050
ن,272600,272999,17.038,17.062
ن,272800,273199,17.050,17.075
ق,273000,273399,17.062,17.087
ن,273200,273599,17.075,17.100
ذ,273400,273799,17.087,17.112
ك,273600,273999,17.100,17.125
ج,273800,274199,17.113,17.137
ج,274000,274399,17.125,17.150
ث,274200,274599,17.137,17.162
ق,274400,274799,17.150,17.175
ن,274600,274999,17.163,17.187
ذ,274800,275199,17.175,17.200
ه,275000,275399,17.188,17.212
ه,275200,275599,17.200,17.225
ن,275400,275799,17.212,17.237
ا,275600,275999,17.225,17.250
ا,275800,276199,17.238,17.262
ا,276000,276399,17.250,17.275
_,276200,276599,17.262,17.287
_,276400,276799,17.275,17.300
_,276600,276999,17.288,17.312
ا,276800,277199,17.300,17.325
ا,277000,277399,17.312,17.337
ر,277200,277599,17.325,17.350
_,277400,277799,17.337,17.362
_,277600,277999,17.350,17.375
_,277800,278199,17.363,17.387
_,278000,278399,17.375,17.400
ا,278200,278599,17.387,17.412
ا,278400,278799,17.400,17.425
ا,278600,278999,17.413,17.437
ر,278800,279199,17.425,17.450
_,279000,279399,17.438,17.462
_,279200,279599,17.450,17.475
ا,279400,279799,17.462,17.487
ا,279600,279999,17.475,17.500
ص,279800,280199,17.488,17.512
ع,280000,280399,17.500,17.525
ع,280200,280599,17.512,17.537
ب,280400,280799,17.525,17.550
ب,280600,280999,17.538,17.562
ب,280800,281199,17.550,17.575
ا,281000,281399,17.562,17.587
ا,281200,281599,17.575,17.600
ا,281400,281799,17.587,17.612
ا,281600,281999,17.600,17.625
ر,281800,282199,17.613,17.637
ص,282000,282399,17.625,17.650
ر,282200,282599,17.637,17.662
ر,282400,282799,17.650,17.675
ت,283000,283399,17.688,17.712
س,283400,283799,17.712,17.737
خ,283600,283999,17.725,17.750
س,283800,284199,17.738,17.762
ا,284000,284399,17.750,17.775
ا,284200,284599,17.762,17.787
س,284400,284799,17.775,17.800
س,284600,284999,17.788,17.812
س,284800,285199,17.800,17.825
س,285000,285399,17.812,17.837
ا,285200,285599,17.825,17.850
_,285400,285799,17.837,17.862
_,285600,285999,17.850,17.875
ا,285800,286199,17.863,17.887
_,286000,286399,17.875,17.900
ا,286200,286599,17.887,17.912
س,286400,286799,17.900,17.925
ا,286600,286999,17.913,17.937
ا,286800,287199,17.925,17.950
س,287000,287399,17.938,17.962
س,287200,287599,17.950,17.975
ا,287400,287799,17.962,17.987
_,287600,287999,17.975,18.000
_,287800,288199,17.988,18.012
ا,288000,288399,18.000,18.025
_,288200,288599,18.012,18.037
ا,288400,288799,18.025,18.050
_,288600,288999,18.038,18.062
_,288800,289199,18.050,18.075
ا,289000,289399,18.062,18.087
_,289200,289599,18.075,18.100
_,289400,289799,18.087,18.112
ا,289600,289999,18.100,18.125
ب,289800,290199,18.113,18.137
ن,290400,290799,18.150,18.175
ن,290600,290999,18.163,18.187
ث,290800,291199,18.175,18.200
ق,291000,291399,18.188,18.212
ت,291200,291599,18.200,18.225
ل,291400,291799,18.212,18.237
ت,291600,291999,18.225,18.250
ذ,291800,292199,18.238,18.262
ذ,292000,292399,18.250,18.275
ح,292200,292599,18.262,18.287
م,292400,292799,18.275,18.300
ح,292600,292999,18.288,18.312
ح,292800,293199,18.300,18.325
ن,293000,293399,18.312,18.337
ل,293200,293599,18.325,18.350
ق,293400,293799,18.337,18.362
ن,293600,293999,18.350,18.375
ن,293800,294199,18.363,18.387
ف,294000,294399,18.375,18.400
ن,294200,294599,18.387,18.412
ن,294400,294799,18.400,18.425
ف,294600,294999,18.413,18.437
ق,294800,295199,18.425,18.450
ن,295000,295399,18.438,18.462
ن,295200,295599,18.450,18.475
ن,295400,295799,18.462,18.487
ذ,295600,295999,18.475,18.500
ه,295800,296199,18.488,18.512
ن,296000,296399,18.500,18.525
ل,296200,296599,18.512,18.537
ل,296400,296799,18.525,18.550
ن,296600,296999,18.538,18.562
ل,296800,297199,18.550,18.575
ل,297000,297399,18.562,18.587
ر,297200,297599,18.575,18.600
ر,297400,297799,18.587,18.612
م,297800,298199,18.613,18.637
ن,298000,298399,18.625,18.650
ن,298200,298599,18.637,18.662
د,298400,298799,18.650,18.675
د,298600,298999,18.663,18.687
ه,298800,299199,18.675,18.700
ه,299000,299399,18.688,18.712
ن,299200,299599,18.700,18.725
ن,299400,299799,18.712,18.737
ل,299600,299999,18.725,18.750
ل,299800,300199,18.738,18.762
ل,300000,300399,18.750,18.775
ل,300200,300599,18.762,18.787
ل,300400,300799,18.775,18.800
ل,300600,300999,18.788,18.812
ل,300800,301199,18.800,18.825
ل,301000,301399,18.812,18.837
ل,301200,301599,18.825,18.850
ك,301400,301799,18.837,18.862
ك,301600,301999,18.850,18.875
ن,302400,302799,18.900,18.925
ه,302600,302999,18.913,18.937
ه,302800,303199,18.925,18.950
ن,303000,303399,18.938,18.962
د,303200,303599,18.950,18.975
ل,303400,303799,18.962,18.987
ه,303600,303999,18.975,19.000
ت,303800,304199,18.988,19.012
ل,304000,304399,19.000,19.025
ل,304200,304599,19.012,19.037
ض,304400,304799,19.025,19.050
ل,304600,304999,19.038,19.062
ل,304800,305199,19.050,19.075
ل,305000,305399,19.062,19.087
ل,305200,305599,19.075,19.100
ل,305400,305799,19.087,19.112
ل,305600,305999,19.100,19.125
ل,305800,306199,19.113,19.137
ل,306000,306399,19.125,19.150
ز,306200,306599,19.137,19.162
ل,306400,306799,19.150,19.175
ف,306600,306999,19.163,19.187
ف,306800,307199,19.175,19.200
ف,307000,307399,19.188,19.212
ف,307200,307599,19.200,19.225
ت,307800,308199,19.238,19.262
د,308000,308399,19.250,19.275
د,308200,308599,19.262,19.287
ز,308400,308799,19.275,19.300
ف,308600,308999,19.288,19.312
غ,308800,309199,19.300,19.325
ز,309000,309399,19.312,19.337
ل,309200,309599,19.325,19.350
ل,309400,309799,19.337,19.362
ن,309800,310199,19.363,19.387
ن,310000,310399,19.375,19.400
ت,310200,310599,19.387,19.412
ذ,310400,310799,19.400,19.425
ك,310600,310999,19.413,19.437
ك,310800,311199,19.425,19.450
ن,311000,311399,19.438,19.462
ن,311200,311599,19.450,19.475
د,311400,311799,19.462,19.487
ت,311600,311999,19.475,19.500
ت,311800,312199,19.488,19.512
ج,312000,312399,19.500,19.525
ج,312200,312599,19.512,19.537
ا,312400,312799,19.525,19.550
ا,312600,312999,19.538,19.562
ن,312800,313199,19.550,19.575
ن,313000,313399,19.562,19.587
ا,313200,313599,19.575,19.600
ا,313400,313799,19.587,19.612
ف,313600,313999,19.600,19.625
ل,313800,314199,19.613,19.637
ل,314000,314399,19.625,19.650
ك,314200,314599,19.637,19.662
ك,314400,314799,19.650,19.675
ج,314600,314999,19.663,19.687
ق,314800,315199,19.675,19.700
ك,315400,315799,19.712,19.737
ك,315600,315999,19.725,19.750
خ,315800,316199,19.738,19.762
م,316200,316599,19.762,19.787
م,316400,316799,19.775,19.800
م,316600,316999,19.788,19.812
م,317400,317799,19.837,19.862
م,317600,317999,19.850,19.875
ا,318000,318399,19.875,19.900
ا,318200,318599,19.887,19.912
د,318600,318999,19.913,19.937
د,318800,319199,19.925,19.950
د,319000,319399,19.938,19.962
د,319200,319599,19.950,19.975
ع,319400,319799,19.962,19.987
خ,319800,320199,19.988,20.012
ا,320600,320999,20.038,20.062
ا,320800,321199,20.050,20.075
ا,321000,321399,20.062,20.087
ع,321200,321599,20.075,20.100
ب,321400,321799,20.087,20.112
ع,321600,321999,20.100,20.125
ع,322400,322799,20.150,20.175
ع,322600,322999,20.163,20.187
ع,323400,323799,20.212,20.237
ص,323600,323999,20.225,20.250
ع,323800,324199,20.238,20.262
ر,324000,324399,20.250,20.275
_,324200,324599,20.262,20.287
ح,324400,324799,20.275,20.300
_,324600,324999,20.288,20.312
_,324800,325199,20.300,20.325
د,325000,325399,20.312,20.337
م,325200,325599,20.325,20.350
ب,325400,325799,20.337,20.362
ب,325600,325999,20.350,20.375
م,325800,326199,20.363,20.387
ا,326200,326599,20.387,20.412
ا,326400,326799,20.400,20.425
ع,326600,326999,20.413,20.437
ا,326800,327199,20.425,20.450
ا,327000,327399,20.438,20.462
ر,327200,327599,20.450,20.475
س,327400,327799,20.462,20.487
ا,327600,327999,20.475,20.500
_,327800,328199,20.488,20.512
_,328000,328399,20.500,20.525
ع,328400,328799,20.525,20.550
ع,328600,328999,20.538,20.562
_,329200,329599,20.575,20.600
خ,329400,329799,20.587,20.612
ع,329600,329999,20.600,20.625
ع,329800,330199,20.613,20.637
ب,330000,330399,20.625,20.650
ع,330200,330599,20.637,20.662
_,330400,330799,20.650,20.675
_,330600,330999,20.663,20.687
خ,330800,331199,20.675,20.700
_,331000,331399,20.688,20.712
_,331200,331599,20.700,20.725
ا,331400,331799,20.712,20.737
_,331600,331999,20.725,20.750
_,331800,332199,20.738,20.762
ا,332000,332399,20.750,20.775
ا,332200,332599,20.762,20.787
د,332400,332799,20.775,20.800
ا,332600,332999,20.788,20.812
م,332800,333199,20.800,20.825
م,333000,333399,20.812,20.837
ص,333400,333799,20.837,20.862
ص,333600,333999,20.850,20.875
م,333800,334199,20.863,20.887
م,334000,334399,20.875,20.900
ك,334200,334599,20.887,20.912
خ,334400,334799,20.900,20.925
ص,334600,334999,20.913,20.937
ع,334800,335199,20.925,20.950
ع,335000,335399,20.938,20.962
م,335400,335799,20.962,20.987
ب,336200,336599,21.012,21.037
ب,336400,336799,21.025,21.050
م,336600,336999,21.038,21.062
خ,337000,337399,21.062,21.087
ب,337400,337799,21.087,21.112
ب,337600,337999,21.100,21.125
م,337800,338199,21.113,21.137
ك,338000,338399,21.125,21.150
ك,338200,338599,21.137,21.162
ب,338600,338999,21.163,21.187
ب,338800,339199,21.175,21.200
م,339000,339399,21.188,21.212
ح,339200,339599,21.200,21.225
ح,339400,339799,21.212,21.237
خ,339600,339999,21.225,21.250
ع,339800,340199,21.238,21.262
ع,340000,340399,21.250,21.275
ر,340200,340599,21.262,21.287
_,340400,340799,21.275,21.300
خ,340800,341199,21.300,21.325
ب,341200,341599,21.325,21.350
ب,341400,341799,21.337,21.362
_,341600,341999,21.350,21.375
_,341800,342199,21.363,21.387
خ,342000,342399,21.375,21.400
خ,342200,342599,21.387,21.412
د,342400,342799,21.400,21.425
ع,342600,342999,21.413,21.437
م,342800,343199,21.425,21.450
م,343000,343399,21.438,21.462
ش,343400,343799,21.462,21.487
د,343600,343999,21.475,21.500
د,343800,344199,21.488,21.512
م,344000,344399,21.500,21.525
م,344200,344599,21.512,21.537
م,344400,344799,21.525,21.550
ر,344600,344999,21.538,21.562
ر,344800,345199,21.550,21.575
ي,345400,345799,21.587,21.612
خ,345600,345999,21.600,21.625
خ,345800,346199,21.613,21.637
ص,346000,346399,21.625,21.650
م,346600,346999,21.663,21.687
م,346800,347199,21.675,21.700
د,348200,348599,21.762,21.787
د,348400,348799,21.775,21.800
د,348600,348999,21.788,21.812
م,348800,349199,21.800,21.825
م,349000,349399,21.812,21.837
ا,349400,349799,21.837,21.862
ا,349600,349999,21.850,21.875
ي,350400,350799,21.900,21.925
ي,350600,350999,21.913,21.937
ظ,350800,351199,21.925,21.950
ص,351000,351399,21.938,21.962
م,351200,351599,21.950,21.975
م,351400,351799,21.962,21.987
ظ,351800,352199,21.988,22.012
ح,352400,352799,22.025,22.050
ح,352600,352999,22.038,22.062
خ,353000,353399,22.062,22.087
خ,353200,353599,22.075,22.100
س,353400,353799,22.087,22.112
س,353600,353999,22.100,22.125
ا,353800,354199,22.113,22.137
ا,354000,354399,22.125,22.150
ش,354600,354999,22.163,22.187
م,354800,355199,22.175,22.200
ا,355000,355399,22.188,22.212
م,355200,355599,22.200,22.225
ي,355600,355999,22.225,22.250
ش,356200,356599,22.262,22.287
ش,357000,357399,22.312,22.337
ش,357200,357599,22.325,22.350
ظ,357400,357799,22.337,22.362
ظ,357600,357999,22.350,22.375
ظ,358400,358799,22.400,22.425
ظ,358600,358999,22.413,22.437
ظ,358800,359199,22.425,22.450
ي,359000,359399,22.438,22.462
ي,359200,359599,22.450,22.475
ي,359400,359799,22.462,22.487
ي,359600,359999,22.475,22.500
ي,359800,360199,22.488,22.512
ي,360000,360399,22.500,22.525
ي,360200,360599,22.512,22.537
ي,360400,360799,22.525,22.550
ي,360600,360999,22.538,22.562
ي,360800,361199,22.550,22.575
ي,361000,361399,22.562,22.587
ي,361200,361599,22.575,22.600
ي,361400,361799,22.587,22.612
ي,361600,361999,22.600,22.625
ي,361800,362199,22.613,22.637
ي,362000,362399,22.625,22.650
ي,362200,362599,22.637,22.662
ي,362400,362799,22.650,22.675
ي,362600,362999,22.663,22.687
ي,362800,363199,22.675,22.700
ي,363000,363399,22.688,22.712
ي,363200,363599,22.700,22.725
ي,363400,363799,22.712,22.737
ي,363600,363999,22.725,22.750
ي,363800,364199,22.738,22.762
ي,364000,364399,22.750,22.775
ي,364200,364599,22.762,22.787
ي,364400,364799,22.775,22.800
ي,364600,364999,22.788,22.812
ي,364800,365199,22.800,22.825
ي,365000,365399,22.812,22.837
ي,365200,365599,22.825,22.850
ي,365400,365799,22.837,22.862
ي,365600,365999,22.850,22.875
ي,365800,366199,22.863,22.887
ي,366000,366399,22.875,22.900
ي,366200,366599,22.887,22.912
ي,366400,366799,22.900,22.925
ي,366600,366999,22.913,22.937
ي,366800,367199,22.925,22.950
ي,367000,367399,22.938,22.962
ي,367200,367599,22.950,22.975
ي,367400,367799,22.962,22.987
ي,367600,367999,22.975,23.000
ي,367800,368199,22.988,23.012
ي,368000,368399,23.000,23.025
ي,368200,368599,23.012,23.037
